tenure_months,monthly_fee_chf,usage_hours_last_30d,support_tickets_last_6m,payment_delay_days_avg,contract_type,plan_type,auto_renew_enabled,email_engagement_score,days_since_last_login,churned
46,40.04,22.2,2,3.1,monthly,standard,0,3.3,85,0
10,20.49,28.6,5,2.4,monthly,standard,1,8.8,27,0
31,38.63,21.5,2,2.0,monthly,basic,0,2.8,84,1
15,21.9,11.0,1,2.4,monthly,standard,0,1.6,44,0
36,25.88,21.9,1,11.5,annual,basic,0,7.5,66,0
13,8.1,26.5,3,1.9,monthly,standard,1,3.0,44,1
41,21.51,25.9,0,14.7,annual,basic,1,4.0,71,0
15,45.79,25.0,4,12.3,annual,basic,1,5.6,53,0
28,38.32,31.5,1,3.6,monthly,standard,1,3.4,27,0
36,36.56,0.0,2,5.4,monthly,premium,0,7.0,8,0
54,35.68,15.3,4,6.7,monthly,basic,1,8.0,4,0
25,28.36,5.4,3,20.7,monthly,basic,1,7.3,8,1
5,19.13,24.3,1,5.7,monthly,standard,1,3.3,76,0
14,44.6,18.9,2,11.5,monthly,standard,0,3.3,31,0
6,50.84,18.7,2,3.5,monthly,basic,1,4.3,75,0
24,64.43,11.1,2,2.2,annual,basic,1,7.5,8,0
30,42.88,7.0,1,5.0,monthly,standard,1,7.3,60,0
32,20.63,0.0,2,7.7,annual,standard,1,3.9,25,0
13,58.69,23.0,1,3.4,annual,basic,1,5.3,79,1
39,33.45,29.4,1,3.0,annual,standard,0,8.9,41,0
57,26.53,13.3,2,2.9,monthly,basic,0,6.1,39,0
22,34.16,10.4,4,3.2,annual,basic,1,9.5,69,0
2,28.97,6.5,0,2.4,monthly,standard,1,0.1,0,0
1,18.22,6.7,0,4.6,monthly,standard,0,9.1,49,0
19,33.17,33.9,2,3.4,monthly,basic,1,3.2,42,0
5,36.49,11.8,3,19.2,monthly,premium,1,5.4,50,0
38,37.67,17.6,1,8.8,monthly,basic,1,7.8,9,0
13,13.31,29.2,1,7.2,annual,premium,1,4.9,67,0
50,51.57,30.7,2,4.2,monthly,standard,0,9.4,15,0
41,43.97,14.0,4,16.4,monthly,standard,1,8.6,28,0
53,8.0,22.0,2,4.5,monthly,premium,0,5.6,2,0
26,12.5,22.6,0,0.7,annual,premium,0,8.9,42,0
15,30.58,33.4,3,8.3,monthly,standard,0,2.7,21,0
2,28.11,17.1,0,5.7,monthly,basic,0,4.4,29,1
54,35.97,8.8,1,1.1,annual,basic,1,1.1,5,0
10,45.66,27.8,0,1.3,monthly,basic,1,8.2,30,0
19,50.02,15.4,0,2.2,monthly,standard,1,4.0,51,0
43,37.4,32.0,0,3.0,monthly,basic,1,1.3,3,0
1,8.0,13.5,1,2.7,annual,standard,1,6.8,86,0
40,29.25,21.7,2,19.6,monthly,premium,1,5.1,27,0
35,52.03,14.4,0,11.5,monthly,premium,1,7.3,59,0
40,32.85,31.2,1,8.6,annual,premium,0,2.7,25,0
6,46.78,7.8,1,8.0,monthly,standard,0,0.2,20,0
17,38.03,21.7,4,2.8,monthly,basic,0,0.2,64,1
23,36.67,11.1,3,2.0,monthly,standard,1,7.9,89,1
8,41.13,16.4,0,3.5,annual,standard,1,1.4,86,0
56,19.14,13.7,4,13.5,monthly,premium,1,2.0,75,1
22,10.68,26.2,0,9.2,monthly,basic,1,6.4,51,0
4,22.13,4.6,1,3.6,monthly,premium,0,4.8,75,1
33,15.09,17.5,2,1.8,monthly,premium,1,8.9,70,0
11,33.44,11.0,2,1.5,monthly,standard,1,6.7,87,1
51,34.96,29.1,3,6.7,monthly,basic,0,3.6,10,0
30,44.74,6.6,0,2.6,monthly,standard,1,6.7,53,0
51,30.8,6.0,2,5.7,annual,premium,1,9.9,62,0
36,29.09,34.6,5,7.3,monthly,standard,0,6.9,2,0
19,30.1,25.3,1,2.2,monthly,basic,1,5.9,88,0
48,42.85,34.6,2,4.9,monthly,premium,0,7.4,52,0
57,26.87,7.9,4,7.3,annual,premium,0,1.5,55,0
30,54.11,11.8,1,0.7,monthly,premium,0,7.7,30,0
7,43.85,21.1,2,8.6,monthly,standard,1,7.7,35,0
49,45.14,11.4,2,4.1,monthly,basic,1,2.7,5,0
34,42.02,11.5,0,6.1,annual,basic,1,1.4,7,0
38,33.51,7.7,2,13.5,annual,basic,1,1.6,43,0
47,35.56,30.5,2,17.3,monthly,basic,1,3.3,2,0
36,44.81,21.3,5,2.8,monthly,standard,1,6.2,49,0
31,40.82,34.9,4,4.9,monthly,standard,1,1.1,44,0
29,20.3,13.5,2,15.5,monthly,basic,0,5.1,43,0
50,47.57,33.4,1,0.9,monthly,standard,0,3.4,87,0
41,23.05,12.1,0,21.6,monthly,premium,0,4.2,73,0
55,48.5,19.3,2,1.3,monthly,standard,1,9.2,66,0
53,32.52,23.4,2,9.0,annual,standard,1,8.7,65,0
20,27.25,31.0,5,2.8,monthly,standard,1,8.1,51,0
44,40.31,13.9,0,5.2,annual,premium,0,9.3,82,1
33,44.04,29.3,0,1.4,monthly,standard,1,5.8,22,0
51,23.69,14.3,1,2.9,monthly,standard,1,0.9,19,0
18,23.97,0.0,0,1.2,monthly,standard,1,7.7,37,0
55,37.29,25.0,1,2.9,monthly,basic,1,8.2,83,0
53,14.18,25.8,3,3.6,monthly,standard,1,7.3,60,0
13,49.34,14.8,0,5.8,monthly,standard,1,3.6,6,0
59,32.21,0.0,0,7.7,monthly,premium,0,2.5,27,0
47,26.13,0.0,3,4.3,annual,basic,1,9.4,38,0
53,34.97,15.2,1,4.0,annual,premium,0,5.6,55,0
43,23.08,28.6,1,11.6,monthly,premium,1,5.9,6,0
38,37.36,21.3,0,1.9,annual,premium,0,9.9,59,0
7,37.88,14.1,2,9.5,annual,basic,1,5.5,89,0
3,38.94,13.3,1,9.0,annual,basic,1,6.2,0,0
24,33.89,23.8,0,10.7,monthly,standard,1,5.8,26,0
39,27.65,31.3,1,7.5,monthly,standard,1,8.4,37,1
52,12.59,17.8,2,10.2,annual,standard,0,6.5,4,0
10,27.4,25.9,5,5.1,annual,standard,0,6.8,38,0
22,22.04,13.5,2,5.3,annual,standard,1,2.9,14,0
1,30.18,20.0,3,0.5,monthly,standard,1,1.8,21,0
14,50.64,6.2,5,3.8,monthly,basic,0,1.9,73,1
25,41.0,17.8,1,5.9,monthly,standard,0,9.8,47,0
41,17.7,27.3,4,6.3,monthly,standard,1,6.6,0,0
53,31.69,31.0,1,7.4,annual,basic,1,4.4,89,0
28,15.63,13.4,1,5.7,annual,basic,1,0.3,28,1
58,8.0,25.4,3,3.0,annual,premium,0,5.4,28,0
6,23.63,6.3,0,3.2,annual,standard,0,2.7,3,0
51,27.91,26.3,2,1.7,monthly,standard,0,3.8,31,0
37,23.37,24.3,1,8.5,annual,basic,0,2.7,2,0
1,21.58,22.6,4,24.3,annual,premium,1,8.3,53,1
5,24.11,17.3,0,4.8,monthly,standard,1,6.8,23,0
18,31.78,28.1,5,3.6,monthly,basic,0,1.6,51,1
39,36.78,9.3,2,8.3,monthly,basic,1,8.1,73,1
23,24.68,20.4,4,0.4,monthly,standard,1,0.4,66,1
58,49.0,22.1,1,12.9,monthly,standard,1,8.8,54,0
27,39.49,0.2,2,2.9,monthly,basic,0,3.4,24,0
57,28.69,11.2,1,7.7,monthly,premium,0,6.9,29,0
34,23.32,16.2,5,11.2,annual,basic,1,3.6,10,1
54,36.56,10.2,0,9.3,monthly,basic,1,4.9,46,0
28,40.34,11.9,3,1.3,monthly,standard,1,5.1,73,0
31,45.51,23.5,1,5.8,monthly,basic,1,6.9,86,0
35,45.09,18.4,6,8.1,monthly,premium,1,9.2,77,0
39,30.8,22.7,0,7.7,annual,standard,1,0.2,81,0
43,36.0,20.1,2,4.3,monthly,basic,1,3.4,44,1
41,32.25,8.8,2,3.4,annual,premium,1,4.4,0,0
33,9.11,0.0,0,13.2,annual,premium,1,3.3,64,1
49,25.21,24.6,2,3.2,annual,standard,1,7.6,85,0
44,35.98,12.5,2,11.6,annual,basic,1,2.7,45,0
34,53.07,22.5,0,14.1,annual,standard,0,5.5,83,0
26,8.0,1.7,4,2.1,monthly,standard,1,3.3,88,1
38,14.66,9.8,2,3.0,annual,basic,0,6.1,33,0
54,55.28,14.8,1,12.9,monthly,standard,1,8.6,8,0
9,32.3,22.8,1,1.4,monthly,premium,0,0.7,42,1
50,44.7,31.1,3,17.9,annual,standard,1,8.0,1,0
5,24.59,16.8,7,12.7,annual,premium,1,3.5,38,0
6,43.15,6.0,0,4.3,monthly,premium,1,9.0,29,0
5,30.39,0.0,3,9.3,monthly,basic,1,1.2,43,1
48,41.08,20.7,2,2.5,annual,premium,1,0.3,68,1
15,47.24,28.0,1,2.3,monthly,basic,1,9.1,43,0
51,47.61,32.7,3,11.6,monthly,basic,1,7.8,5,0
26,16.33,5.5,4,4.3,monthly,standard,1,6.1,62,1
57,42.27,20.3,1,9.2,monthly,premium,0,4.0,8,0
44,31.2,17.4,0,9.1,monthly,standard,1,6.5,26,0
47,20.87,7.1,3,4.4,annual,basic,1,6.4,76,1
46,26.85,30.3,4,8.6,annual,standard,1,8.6,87,0
57,43.77,11.7,2,3.1,annual,basic,1,2.4,88,1
34,38.98,14.8,2,17.7,monthly,basic,1,2.9,13,0
56,29.03,14.1,3,12.5,monthly,standard,1,7.8,37,0
26,37.43,19.1,1,6.0,monthly,standard,1,2.2,22,0
23,40.69,22.0,2,3.4,monthly,standard,0,4.4,42,1
1,31.2,21.5,3,3.9,monthly,standard,1,5.9,38,0
25,23.06,22.3,1,16.4,annual,basic,0,0.6,14,0
35,20.65,12.3,2,12.7,monthly,standard,1,1.0,27,0
51,31.72,19.3,1,12.8,annual,basic,0,3.5,68,0
32,57.6,30.0,2,6.1,monthly,standard,0,2.3,25,0
42,18.69,14.1,0,5.5,annual,basic,1,8.4,70,0
39,37.11,14.6,0,0.9,monthly,standard,0,0.8,85,1
43,26.18,20.7,3,17.1,monthly,standard,1,6.5,61,0
10,39.54,25.9,4,1.9,monthly,premium,1,6.6,47,0
9,26.85,15.4,1,2.0,monthly,standard,1,9.6,35,0
45,51.6,22.4,0,12.5,monthly,basic,0,0.8,21,0
57,47.98,9.1,0,8.0,annual,standard,1,0.3,11,0
46,23.62,22.3,1,6.8,monthly,premium,1,8.5,88,0
53,34.57,21.1,5,9.2,monthly,standard,1,0.7,5,0
10,39.15,25.7,0,4.2,monthly,basic,1,9.7,3,0
33,46.5,26.8,2,11.5,monthly,standard,1,6.2,37,0
37,52.28,22.4,1,10.6,monthly,standard,1,1.3,65,0
33,35.85,20.9,5,4.2,monthly,basic,0,5.9,77,1
23,16.53,27.4,0,4.7,monthly,standard,1,0.5,14,0
11,33.59,6.9,2,7.2,annual,standard,1,3.6,4,0
55,47.29,16.2,0,13.6,monthly,premium,1,9.8,22,1
15,18.17,28.6,1,7.0,monthly,basic,0,0.5,69,1
30,49.73,17.3,3,5.7,monthly,basic,0,1.5,40,0
9,32.99,31.5,3,7.3,monthly,standard,1,2.4,89,1
16,57.87,27.7,3,6.3,annual,basic,1,5.4,71,0
17,13.97,21.2,2,3.4,monthly,standard,1,8.1,36,0
42,35.09,20.9,4,1.0,monthly,standard,1,4.1,17,0
6,48.24,22.2,2,12.6,monthly,standard,0,9.7,82,1
43,35.89,19.3,1,3.3,annual,basic,0,4.5,73,0
21,28.19,14.3,1,8.2,annual,basic,1,9.0,84,0
5,30.06,22.0,4,8.7,monthly,basic,1,3.7,76,1
35,14.04,9.2,1,2.5,monthly,basic,1,5.6,88,1
25,8.0,37.3,2,5.2,annual,basic,1,4.1,65,0
53,31.65,31.4,4,3.8,monthly,standard,1,2.2,48,0
53,32.31,14.5,0,3.8,monthly,standard,1,3.6,37,0
24,32.77,8.4,2,10.1,monthly,basic,1,3.9,64,1
47,55.83,33.8,2,9.3,monthly,standard,0,7.2,50,0
19,38.33,9.8,3,0.6,annual,standard,1,7.2,38,0
11,15.47,22.5,1,6.7,monthly,standard,0,4.4,7,0
37,33.31,1.4,0,2.5,monthly,standard,1,4.4,41,0
7,40.54,20.4,1,7.0,annual,standard,1,8.0,32,0
34,37.99,21.3,2,8.2,monthly,premium,0,9.7,85,0
24,25.16,11.9,1,10.8,annual,basic,1,9.2,21,0
28,38.91,23.0,2,16.3,annual,premium,0,6.8,12,0
29,30.98,23.1,4,2.7,monthly,basic,1,7.6,74,0
12,12.55,30.5,3,1.7,monthly,standard,0,8.5,14,0
41,21.74,14.5,1,6.8,monthly,standard,0,6.5,64,0
46,51.45,10.3,3,2.4,annual,basic,1,7.4,7,0
55,29.53,7.4,1,6.8,monthly,standard,1,5.1,1,0
15,25.83,26.7,1,5.4,monthly,premium,1,2.8,22,0
53,31.71,23.8,1,4.9,monthly,basic,1,4.2,53,0
26,28.63,14.4,0,6.9,monthly,standard,1,5.5,67,0
33,24.13,18.8,4,6.7,monthly,standard,0,5.4,84,1
47,46.52,24.6,0,8.1,monthly,basic,1,8.4,21,0
24,14.87,16.5,1,2.6,monthly,basic,0,4.6,38,1
37,27.26,17.3,0,2.1,annual,basic,1,8.2,87,0
2,25.03,12.4,1,11.3,monthly,standard,1,2.6,75,1
60,23.22,6.9,4,5.6,monthly,basic,0,9.2,85,0
34,19.76,26.2,0,6.6,monthly,standard,0,6.3,3,0
8,33.35,18.0,0,12.9,monthly,basic,1,7.4,64,0
11,60.19,10.3,0,4.5,monthly,standard,0,8.4,26,0
32,38.91,39.3,1,1.0,annual,premium,1,1.1,22,0
50,15.74,19.9,3,10.2,annual,standard,1,5.2,33,1
3,34.43,24.2,2,9.9,annual,standard,0,6.0,40,1
25,23.29,26.6,2,1.9,annual,basic,0,0.1,29,0
35,48.07,18.6,2,16.8,monthly,standard,1,7.6,50,0
31,19.64,12.6,1,2.7,monthly,basic,1,0.9,29,0
16,19.05,11.8,2,3.1,annual,standard,0,2.7,65,0
30,32.49,38.6,2,3.1,monthly,basic,0,0.8,15,0
4,27.25,11.7,0,11.5,monthly,standard,0,9.0,62,1
10,39.63,20.8,1,13.6,monthly,standard,1,5.0,75,1
11,26.45,11.2,1,1.9,monthly,basic,1,1.7,53,0
35,30.38,18.4,5,6.0,annual,basic,1,4.1,58,0
21,36.07,16.5,2,4.5,annual,standard,1,2.9,47,0
25,50.68,13.0,0,3.4,annual,standard,0,6.1,34,1
10,22.99,13.3,3,4.4,monthly,standard,0,0.0,62,1
35,44.67,18.5,2,5.1,monthly,standard,1,8.4,51,0
10,55.97,12.3,0,9.9,monthly,premium,1,3.9,31,1
23,23.2,19.6,1,8.0,annual,basic,1,1.2,30,0
6,18.08,23.8,1,14.8,monthly,standard,1,1.3,32,1
36,37.21,29.8,3,1.2,annual,basic,1,6.8,58,0
32,42.18,21.1,1,4.8,annual,standard,1,7.8,20,0
42,49.35,26.4,2,1.8,monthly,standard,1,6.5,61,0
40,15.65,27.0,1,3.3,monthly,premium,0,6.1,39,0
46,49.76,25.4,1,1.3,monthly,standard,1,1.6,27,0
57,39.93,13.7,4,2.0,annual,standard,1,0.5,40,0
15,49.26,10.5,2,1.7,annual,basic,1,6.0,40,0
15,57.28,14.1,2,7.7,monthly,basic,0,7.9,7,0
42,8.0,20.0,0,2.7,annual,basic,1,7.4,80,0
39,30.69,14.1,0,1.0,annual,premium,0,1.5,36,0
20,30.7,21.9,1,2.2,monthly,standard,0,0.6,45,0
50,29.19,16.3,3,4.5,annual,premium,1,3.4,56,1
35,19.45,13.5,4,4.1,annual,standard,1,8.4,30,0
23,14.23,17.1,4,1.0,monthly,standard,0,3.9,87,1
14,39.18,19.3,1,4.3,monthly,standard,1,5.1,50,1
60,23.81,18.1,2,4.7,monthly,basic,1,6.9,50,0
5,41.44,9.6,1,1.1,annual,basic,1,6.4,53,0
46,27.67,32.5,0,6.6,monthly,basic,1,0.9,59,0
39,31.74,27.4,3,1.4,annual,premium,1,1.4,16,0
9,20.56,16.6,2,10.0,monthly,premium,1,3.0,28,0
3,44.26,13.5,1,0.5,monthly,standard,1,9.8,86,1
7,10.8,6.3,1,3.9,monthly,basic,1,0.8,43,0
26,27.93,25.7,0,0.7,monthly,basic,0,7.8,48,0
29,15.96,16.7,3,2.7,annual,standard,0,8.1,56,0
5,27.63,26.3,1,0.5,monthly,basic,0,2.2,74,0
42,19.68,22.3,0,3.9,monthly,standard,0,8.6,15,0
47,19.09,9.6,0,3.3,monthly,standard,1,5.5,33,0
3,36.52,4.0,2,12.6,annual,basic,0,1.4,33,0
47,29.55,15.7,1,2.6,annual,standard,0,7.6,14,0
34,52.71,39.0,2,0.8,monthly,basic,0,3.6,72,0
36,25.79,15.3,2,3.6,monthly,standard,1,7.2,85,0
21,38.28,5.0,0,3.4,monthly,standard,0,5.2,31,1
12,14.77,24.7,0,7.0,monthly,standard,1,9.5,83,0
38,22.04,11.9,1,1.4,monthly,standard,1,7.6,89,0
3,21.53,16.0,1,12.7,monthly,standard,0,7.4,52,1
27,51.63,31.5,3,1.1,monthly,basic,1,3.3,46,0
40,38.47,9.6,2,7.6,annual,basic,1,1.8,55,1
4,31.19,19.0,2,8.9,monthly,standard,1,4.4,68,1
44,21.19,24.8,3,3.5,annual,standard,0,6.2,26,0
41,39.05,33.1,1,0.8,monthly,basic,1,7.5,44,0
11,44.77,12.3,1,3.3,monthly,basic,1,4.2,80,0
31,33.92,17.8,1,6.1,monthly,standard,1,2.7,83,1
59,21.9,11.3,3,15.7,annual,basic,0,1.2,54,1
10,37.89,31.9,0,1.7,monthly,standard,1,0.1,25,0
60,38.71,13.8,3,7.0,annual,standard,1,9.9,35,0
38,18.39,15.9,1,3.5,monthly,standard,1,8.8,27,0
55,44.52,10.4,1,8.2,annual,standard,1,3.9,39,0
32,49.46,28.5,4,0.6,monthly,premium,1,2.0,54,0
47,35.5,27.4,3,5.3,annual,standard,1,9.3,59,0
27,26.38,1.9,0,2.9,monthly,premium,1,7.9,58,1
7,35.31,22.2,1,7.6,monthly,standard,1,5.5,42,0
54,40.41,12.8,2,2.0,monthly,basic,0,1.8,72,0
55,28.88,7.1,3,8.0,annual,basic,1,2.3,88,1
20,58.25,10.5,4,0.8,annual,basic,1,1.0,57,1
25,41.95,1.9,1,1.9,monthly,basic,0,2.2,5,0
15,48.68,18.0,3,8.9,monthly,standard,1,4.2,83,1
41,38.53,9.0,2,4.6,annual,basic,1,1.4,25,0
39,38.68,20.1,1,7.7,monthly,standard,1,1.0,53,1
41,39.46,30.9,1,0.8,monthly,standard,1,5.8,40,0
49,63.32,14.2,1,4.8,annual,standard,1,0.5,54,1
21,33.52,19.7,1,23.0,monthly,basic,1,3.6,31,0
51,34.84,4.8,2,4.7,monthly,premium,1,8.5,15,0
5,37.38,18.3,0,4.3,monthly,premium,1,9.4,11,0
40,53.26,14.6,1,3.3,annual,standard,1,6.7,38,0
3,37.63,20.6,1,8.5,monthly,standard,0,1.2,71,1
9,31.1,24.4,3,2.6,annual,standard,1,2.1,58,0
49,29.27,0.1,1,10.4,monthly,basic,1,9.1,40,1
20,36.26,19.0,2,2.4,monthly,premium,1,2.9,89,0
13,24.97,13.9,0,2.7,monthly,premium,1,9.7,61,0
27,29.2,4.7,2,6.3,monthly,basic,1,6.8,72,1
52,44.49,11.7,0,3.2,monthly,premium,0,6.3,59,0
30,26.51,20.8,3,3.5,monthly,premium,1,9.8,15,0
60,34.52,0.0,1,2.2,annual,basic,1,7.8,48,0
51,24.49,18.0,1,1.3,monthly,basic,1,5.7,79,0
43,18.77,17.0,3,1.1,monthly,premium,1,7.0,0,0
34,45.49,22.9,0,0.9,monthly,standard,0,9.0,63,0
16,43.12,22.6,0,15.7,annual,basic,1,9.9,0,0
47,39.23,17.6,1,0.8,annual,premium,0,4.7,32,0
31,26.33,19.8,1,7.4,annual,standard,0,7.0,32,0
39,53.69,2.3,1,2.6,annual,basic,1,4.7,25,0
37,16.78,8.7,4,6.1,monthly,premium,1,3.2,34,0
17,21.98,12.9,1,1.7,monthly,standard,1,4.8,45,0
33,10.58,27.9,0,26.3,annual,standard,0,6.3,81,0
18,32.15,10.9,2,4.7,annual,standard,1,5.8,67,0
6,26.92,14.8,0,10.2,monthly,premium,0,1.6,64,0
29,26.96,17.0,0,9.5,annual,basic,1,5.5,60,0
2,36.28,26.0,3,2.1,monthly,premium,0,6.9,70,1
11,33.84,19.6,1,2.8,monthly,standard,1,4.5,53,0
21,26.44,31.6,3,3.6,monthly,standard,1,5.0,36,0
59,29.08,22.0,0,0.2,monthly,standard,1,9.6,36,0
50,40.18,46.7,2,2.0,monthly,basic,1,7.1,5,0
51,13.82,27.4,2,10.0,monthly,basic,1,8.6,47,0
26,22.77,9.5,0,7.6,monthly,standard,1,7.1,21,0
37,52.98,8.5,2,9.4,annual,premium,0,3.5,64,1
53,44.91,11.2,2,0.9,annual,standard,1,6.6,38,0
14,25.51,10.0,1,2.4,annual,premium,1,4.5,5,0
10,51.37,18.1,2,6.6,annual,basic,1,6.0,27,0
41,27.49,21.2,2,3.6,monthly,standard,1,6.4,82,0
22,53.57,12.4,0,0.5,monthly,premium,1,3.6,70,0
25,17.66,10.8,1,16.7,annual,basic,0,2.2,17,0
6,29.41,0.4,3,1.9,monthly,premium,1,2.1,55,0
39,22.86,7.0,0,9.1,monthly,standard,1,9.2,80,1
11,41.76,22.8,0,4.6,monthly,standard,1,8.4,48,0
33,17.19,4.2,3,7.6,monthly,standard,0,8.0,69,1
56,37.09,5.2,1,6.0,annual,standard,1,4.6,63,0
16,41.29,11.7,1,1.9,monthly,basic,1,6.7,32,0
28,53.54,2.5,4,0.9,monthly,standard,0,4.4,41,0
52,45.93,4.5,0,1.5,monthly,standard,1,6.2,17,0
40,38.53,5.1,2,6.4,monthly,premium,1,8.0,68,0
27,40.24,6.2,2,7.6,annual,standard,1,9.3,42,0
50,20.61,6.7,5,0.4,monthly,standard,1,2.7,88,1
24,13.89,28.9,2,3.3,monthly,standard,1,2.6,44,0
3,37.14,5.8,0,3.0,monthly,premium,1,8.6,10,1
34,11.83,37.0,1,2.8,monthly,premium,1,3.7,23,0
52,32.64,14.8,7,1.7,annual,basic,1,1.3,59,1
21,23.72,27.9,1,4.4,annual,standard,1,7.8,36,0
40,26.07,17.3,0,4.2,monthly,basic,0,5.0,71,0
47,33.64,5.9,3,2.2,monthly,standard,1,8.2,77,1
16,46.47,21.5,1,15.4,annual,standard,0,1.3,87,1
59,30.66,14.5,0,16.1,annual,premium,0,9.7,13,0
20,22.33,43.8,1,1.2,annual,standard,1,3.3,20,0
7,32.98,29.2,2,15.9,monthly,basic,1,5.5,38,0
5,52.04,14.9,0,7.2,annual,standard,1,4.0,32,0
44,22.79,17.0,1,1.7,monthly,standard,1,9.7,4,0
32,27.76,32.1,3,5.9,monthly,standard,0,9.9,6,0
23,23.09,8.3,0,0.5,monthly,basic,1,4.2,63,1
37,24.39,30.7,3,3.6,monthly,basic,1,7.7,18,0
15,32.29,7.9,0,14.3,annual,standard,1,2.5,44,1
47,35.97,9.5,1,0.7,annual,standard,1,7.6,30,1
49,35.46,16.6,4,6.9,annual,premium,0,5.4,79,0
51,15.23,9.9,1,7.3,annual,basic,1,6.6,29,0
50,45.96,26.9,2,4.9,monthly,basic,1,3.5,2,0
49,32.9,21.3,1,7.9,monthly,standard,1,6.7,53,0
23,29.08,28.6,2,3.6,annual,standard,0,3.9,11,0
53,51.71,21.4,2,15.8,monthly,standard,0,3.9,22,0
15,23.06,11.6,3,3.9,annual,premium,1,4.0,82,0
11,39.07,22.3,0,11.3,monthly,basic,1,7.0,11,0
30,32.38,37.7,2,8.3,monthly,premium,1,7.8,31,0
49,23.51,20.6,2,3.7,monthly,basic,0,0.3,57,0
36,37.38,0.0,2,4.8,monthly,basic,1,1.2,37,0
46,32.31,14.7,4,11.1,annual,standard,1,0.6,24,0
55,51.23,13.4,3,5.2,monthly,basic,1,6.5,72,0
7,26.94,21.0,0,4.7,monthly,standard,0,8.5,85,1
33,30.1,22.5,3,0.8,monthly,basic,0,3.2,32,0
50,35.75,23.8,0,6.2,annual,standard,1,2.9,62,0
30,27.35,20.2,5,7.5,monthly,standard,0,8.6,74,0
15,49.36,36.4,1,6.7,monthly,standard,0,3.6,89,0
30,23.44,31.7,3,3.1,annual,basic,0,7.8,17,1
9,36.09,14.3,2,11.5,annual,standard,1,2.8,34,0
14,41.05,21.9,2,1.4,monthly,standard,1,7.8,88,1
46,14.17,24.6,2,5.2,monthly,standard,1,6.6,45,0
5,34.16,24.2,3,2.2,monthly,standard,1,3.7,77,0
20,26.71,0.0,2,15.3,monthly,standard,1,4.5,53,0
27,17.25,16.8,2,0.9,monthly,basic,1,9.0,84,0
46,40.04,22.9,1,3.9,monthly,standard,1,1.7,3,0
5,36.53,10.5,2,11.5,monthly,standard,0,6.7,76,0
28,29.47,28.8,1,4.4,annual,standard,1,8.8,14,0
9,32.56,14.6,4,9.5,monthly,standard,0,9.4,43,0
47,36.24,19.9,1,4.7,monthly,standard,0,8.4,46,1
13,20.03,26.4,2,3.9,monthly,basic,1,3.9,1,0
59,27.73,0.0,0,4.9,annual,standard,0,7.4,70,0
41,15.21,20.8,3,4.7,annual,standard,1,4.0,31,0
31,16.08,14.6,1,3.3,monthly,standard,1,10.0,61,0
25,38.26,28.6,2,3.9,annual,basic,0,9.5,28,0
8,50.88,2.8,3,8.9,monthly,basic,0,0.7,20,0
11,37.93,27.8,2,1.0,monthly,basic,1,6.9,87,1
22,37.02,11.7,0,12.1,annual,premium,1,9.9,51,0
36,15.67,31.8,0,4.6,monthly,standard,0,1.3,33,0
45,20.71,42.6,2,1.8,monthly,standard,1,3.8,63,0
32,39.83,26.0,1,0.4,annual,premium,0,4.1,41,0
21,30.18,19.0,3,5.5,annual,standard,1,2.1,83,0
55,43.39,11.6,4,8.6,monthly,standard,0,2.5,41,0
1,40.31,14.5,3,5.1,annual,standard,1,2.8,76,0
14,16.29,20.6,0,3.5,monthly,standard,1,7.9,50,0
32,45.15,25.4,0,0.6,monthly,premium,0,4.0,13,0
8,41.34,20.0,2,16.5,monthly,basic,1,1.8,29,0
25,38.72,3.0,1,15.0,monthly,basic,0,3.9,46,1
18,47.93,7.3,2,2.4,monthly,standard,1,8.2,44,1
1,23.19,4.5,2,2.3,monthly,premium,1,2.9,36,1
4,40.46,20.8,0,0.2,monthly,basic,1,3.5,14,0
22,35.36,9.9,2,4.0,annual,standard,1,2.6,59,0
47,25.07,15.4,1,8.5,annual,standard,1,2.2,81,0
54,53.18,29.3,5,0.7,monthly,standard,1,4.4,58,0
33,13.87,38.5,0,4.7,monthly,standard,1,9.2,78,0
12,8.0,20.5,1,10.6,monthly,premium,1,7.2,21,0
7,27.81,27.4,2,7.1,monthly,premium,1,8.8,36,1
40,17.12,32.4,2,10.5,monthly,standard,0,9.8,84,0
43,30.36,8.3,2,4.0,monthly,standard,1,4.1,19,0
3,8.0,22.2,2,2.7,monthly,standard,0,9.7,6,0
51,33.91,29.7,0,4.4,annual,standard,0,6.8,59,0
2,27.14,25.9,0,1.7,monthly,basic,0,7.0,31,0
6,25.12,28.7,0,4.4,annual,premium,1,1.9,84,0
47,34.36,27.0,1,2.7,annual,basic,0,9.9,52,0
11,41.46,37.7,3,3.2,annual,basic,1,7.4,12,0
26,38.72,29.9,1,12.6,annual,basic,0,5.0,27,0
30,20.07,8.8,1,5.8,monthly,premium,1,9.2,71,1
53,47.1,10.8,3,7.3,monthly,standard,1,8.9,69,0
37,18.32,19.4,1,4.7,annual,standard,0,3.0,61,0
14,49.23,24.0,4,15.1,monthly,basic,1,9.2,44,0
11,29.62,25.1,1,4.8,monthly,premium,1,0.9,36,0
32,35.97,21.2,0,8.8,monthly,standard,0,3.1,51,0
37,19.42,16.4,1,1.1,monthly,basic,1,5.3,37,0
36,18.86,9.4,1,0.7,monthly,basic,1,1.3,55,1
27,11.99,29.5,0,1.4,annual,basic,0,2.6,37,0
46,38.68,26.1,0,1.4,monthly,basic,1,1.7,68,0
9,23.48,35.6,3,5.6,monthly,standard,1,5.1,51,1
38,48.34,19.5,3,7.2,monthly,standard,1,0.9,19,0
3,29.34,15.2,1,14.3,annual,premium,0,5.9,19,0
24,29.63,18.6,2,7.4,monthly,basic,1,7.6,60,0
15,21.25,29.3,1,4.2,annual,basic,1,0.0,62,0
19,27.22,15.0,1,0.6,annual,standard,1,9.5,48,0
30,36.72,26.5,3,3.1,monthly,premium,1,3.9,69,0
57,38.31,15.8,0,6.7,annual,standard,1,3.9,53,0
53,41.54,18.8,1,4.2,monthly,premium,1,9.2,25,0
17,34.86,23.7,0,5.9,annual,basic,1,2.0,26,1
21,8.0,19.0,0,1.9,annual,standard,1,5.1,41,0
54,20.48,41.2,2,8.1,annual,basic,0,3.8,83,0
15,57.15,27.9,1,2.0,monthly,premium,1,7.2,41,0
18,30.62,29.0,1,1.8,monthly,premium,1,0.9,33,0
1,25.91,29.0,1,3.9,monthly,standard,1,1.4,48,0
51,43.85,31.7,0,2.7,annual,standard,1,8.5,57,0
47,19.83,28.0,1,4.0,monthly,standard,1,9.7,17,0
20,46.36,6.6,2,3.9,monthly,basic,1,8.1,57,1
51,18.47,19.5,2,6.3,monthly,basic,1,6.2,14,0
20,18.94,26.4,3,0.6,monthly,basic,1,2.7,2,0
49,32.57,26.0,2,8.2,monthly,premium,1,6.6,10,0
44,27.64,9.8,3,7.7,annual,standard,1,9.8,39,0
12,20.35,15.8,3,12.6,monthly,basic,1,9.9,81,1
21,36.34,22.1,1,0.6,annual,standard,0,1.7,31,0
50,32.05,16.9,1,0.9,annual,standard,1,5.8,6,0
10,33.44,1.7,3,1.6,annual,standard,1,9.1,29,1
32,24.92,24.9,0,14.1,monthly,premium,1,2.7,6,0
16,41.36,12.2,2,9.9,monthly,standard,0,8.8,79,0
17,36.62,18.7,2,3.3,monthly,standard,1,7.2,13,0
29,50.5,14.8,3,1.1,monthly,premium,1,1.8,74,0
54,28.91,12.1,2,4.3,monthly,basic,1,0.3,12,0
43,44.44,4.6,1,1.7,annual,basic,1,2.6,81,1
4,25.65,33.5,0,5.3,monthly,basic,0,3.6,7,0
21,40.45,27.2,0,3.0,monthly,premium,1,7.1,73,0
23,52.75,39.1,2,3.6,monthly,standard,1,6.6,35,0
22,31.71,25.5,3,3.3,annual,standard,1,7.7,69,0
14,32.96,12.2,4,2.2,annual,standard,0,6.1,42,0
1,36.98,20.3,1,4.6,monthly,premium,1,2.8,42,0
3,27.85,16.4,0,5.7,annual,standard,1,3.4,8,0
47,42.81,16.2,3,6.7,monthly,basic,1,1.4,56,0
18,43.27,8.0,2,7.5,annual,standard,0,2.1,46,0
60,17.67,27.9,1,6.6,annual,basic,0,7.3,22,0
53,61.65,24.9,2,3.0,monthly,basic,1,5.8,84,1
19,45.94,8.6,3,1.1,annual,basic,0,7.1,10,0
37,35.72,9.1,2,6.9,monthly,standard,1,2.0,63,0
5,26.87,25.9,2,1.7,monthly,premium,1,0.9,74,0
23,34.44,7.2,3,1.7,annual,premium,1,1.9,17,0
15,39.67,4.9,0,13.7,monthly,standard,1,6.6,29,0
15,39.44,17.3,4,2.5,monthly,standard,1,6.3,50,1
14,41.44,20.2,1,3.8,monthly,premium,0,9.8,74,0
46,30.08,6.7,2,4.6,annual,premium,1,8.1,42,0
2,16.12,12.3,1,3.5,monthly,standard,1,8.7,88,1
17,31.46,1.5,1,2.5,monthly,basic,0,7.3,25,0
45,37.78,20.3,2,8.3,monthly,basic,0,5.0,88,1
33,8.0,16.4,2,3.1,monthly,premium,1,3.4,19,0
18,28.83,9.5,3,13.5,monthly,standard,1,9.1,25,0
24,42.82,9.2,1,4.0,annual,basic,1,4.1,2,0
28,41.31,11.0,2,6.0,annual,standard,1,5.5,22,0
28,25.96,22.6,1,26.3,monthly,standard,1,9.4,22,0
45,25.35,27.5,2,12.8,monthly,basic,1,1.6,26,0
42,33.49,14.8,1,2.8,annual,premium,0,9.2,74,0
33,52.17,6.7,0,2.7,monthly,premium,1,3.0,71,0
29,33.3,21.7,2,1.2,annual,basic,1,6.7,51,0
41,34.94,10.9,1,8.1,monthly,standard,1,5.6,69,0
18,42.71,31.9,2,10.0,annual,standard,1,0.4,56,1
55,11.28,31.7,3,9.6,monthly,premium,0,9.2,45,0
23,47.28,21.2,0,15.0,monthly,premium,0,6.9,39,1
11,59.03,28.4,3,3.1,monthly,basic,1,4.1,80,0
22,20.0,11.3,0,7.1,annual,standard,1,1.8,28,0
60,29.83,11.8,3,28.5,monthly,standard,0,4.5,52,1
9,53.4,16.9,0,2.1,monthly,standard,1,5.9,49,0
37,37.65,19.4,2,6.6,annual,standard,1,1.1,3,1
43,13.62,33.2,3,5.4,monthly,standard,0,1.6,61,0
23,39.89,25.0,1,1.8,monthly,basic,1,8.9,15,0
8,25.57,19.1,1,3.4,annual,standard,0,7.4,22,0
15,45.87,14.3,4,4.1,monthly,basic,0,5.5,88,1
53,45.91,17.4,2,22.4,monthly,standard,0,2.6,42,0
40,22.42,19.1,2,5.1,monthly,standard,0,4.0,13,1
18,28.29,20.2,3,1.1,annual,basic,1,5.2,60,1
30,43.13,9.9,1,0.6,monthly,standard,0,6.7,44,1
52,35.87,31.1,2,4.2,annual,basic,1,7.3,10,0
2,52.23,6.3,3,1.6,annual,standard,1,8.7,84,0
42,14.54,14.9,2,3.0,monthly,basic,0,7.0,60,1
52,22.04,18.5,0,3.0,annual,standard,0,8.1,30,0
18,30.06,7.1,2,8.5,monthly,basic,1,7.3,64,1
44,30.94,24.3,2,2.3,annual,standard,1,3.1,71,0
16,36.94,14.8,4,1.5,annual,premium,1,8.4,39,0
12,48.81,29.1,1,4.9,annual,premium,1,6.6,70,0
59,20.29,16.5,2,7.7,monthly,basic,1,6.9,62,0
37,34.37,17.1,2,14.9,monthly,standard,0,3.9,38,1
56,17.59,12.3,2,7.4,annual,premium,1,7.1,36,0
15,49.69,16.0,2,6.3,monthly,basic,1,9.4,54,1
25,26.67,4.1,1,4.2,monthly,premium,1,6.7,37,0
30,10.16,22.9,0,9.4,monthly,standard,0,8.4,1,0
5,20.79,10.5,2,1.8,annual,basic,1,5.8,37,0
50,34.12,9.0,0,7.3,monthly,basic,0,6.0,85,1
51,30.1,26.0,2,2.1,monthly,standard,1,3.8,21,0
2,33.34,29.0,3,4.8,monthly,premium,0,4.8,61,0
37,19.42,29.0,3,2.2,monthly,standard,1,8.4,84,0
50,45.62,2.3,2,4.7,annual,standard,1,8.4,46,0
49,41.13,23.1,0,13.9,annual,standard,1,4.3,78,0
55,32.17,28.1,4,4.2,monthly,basic,1,6.3,6,0
2,46.34,18.8,2,8.6,monthly,premium,0,6.0,8,0
58,33.5,18.8,2,3.2,monthly,standard,1,6.0,38,0
50,45.31,15.1,0,5.5,annual,basic,0,9.1,30,0
47,40.03,4.6,0,9.3,annual,premium,1,2.4,43,0
36,20.38,6.7,3,2.2,monthly,basic,1,0.8,70,1
15,28.95,28.8,1,13.4,monthly,standard,1,6.5,21,0
19,33.43,27.0,0,2.2,annual,standard,1,2.6,45,0
59,29.04,15.2,0,2.7,monthly,basic,1,9.4,36,0
38,35.09,22.8,1,2.4,annual,basic,1,7.9,81,0
51,34.39,14.5,1,2.7,monthly,standard,0,9.0,28,0
52,33.13,17.5,5,6.1,monthly,premium,0,9.4,56,0
1,31.63,22.6,0,3.5,monthly,standard,1,3.7,30,0
53,23.99,13.3,3,4.3,monthly,premium,0,9.9,76,0
14,24.74,8.3,3,3.9,annual,standard,1,3.3,27,0
15,37.7,7.4,1,2.7,annual,premium,1,0.8,82,0
49,32.09,0.0,6,3.6,annual,basic,1,4.7,53,0
28,35.51,10.7,0,0.9,monthly,standard,0,5.2,66,1
35,37.33,28.2,3,11.3,monthly,basic,1,0.8,39,0
13,26.74,28.7,4,2.2,monthly,premium,0,1.2,67,0
36,34.96,10.6,1,6.3,annual,basic,1,2.7,29,0
54,21.9,8.7,3,2.9,annual,standard,1,7.1,5,0
18,22.84,7.5,3,8.2,monthly,basic,1,7.2,88,1
50,28.13,13.5,2,3.5,annual,basic,0,7.9,39,0
41,32.91,13.1,1,2.5,monthly,standard,0,0.2,44,1
9,12.77,16.8,0,9.0,monthly,standard,0,0.8,20,0
52,50.48,24.5,2,3.8,annual,basic,0,6.8,12,0
50,54.24,37.2,5,7.1,monthly,basic,1,2.3,62,1
10,41.28,0.0,2,16.9,monthly,standard,1,9.5,38,1
2,26.95,18.4,2,7.7,monthly,standard,1,5.9,5,0
46,39.06,22.2,1,12.2,monthly,premium,0,6.3,41,0
2,23.83,1.1,4,3.6,monthly,standard,1,9.2,11,1
28,20.63,19.8,2,14.2,monthly,basic,0,9.7,6,0
15,40.53,12.6,4,18.9,monthly,standard,0,8.1,1,0
50,43.27,12.7,0,5.7,annual,basic,0,4.2,20,0
54,25.28,24.1,1,5.0,annual,basic,1,6.9,25,0
35,45.99,1.9,0,2.3,monthly,standard,1,1.5,79,1
11,38.05,25.4,0,8.9,annual,standard,1,3.4,57,0
20,15.42,14.1,1,5.6,annual,basic,0,2.6,74,0
25,31.21,42.6,0,4.3,monthly,standard,0,8.3,20,0
26,34.78,29.4,1,7.4,monthly,standard,1,8.9,23,0
1,30.47,43.3,1,5.0,annual,basic,1,6.8,2,0
47,49.01,12.8,1,9.6,monthly,basic,1,3.4,77,0
38,48.21,18.8,0,3.4,monthly,standard,1,0.5,74,0
1,52.08,2.6,2,6.8,annual,basic,1,5.9,26,0
22,42.97,18.1,4,6.2,monthly,standard,0,2.4,19,0
19,36.84,7.5,0,9.1,monthly,standard,1,6.4,37,0
2,47.85,23.7,1,6.8,annual,standard,1,9.2,77,0
14,15.37,12.8,1,4.4,monthly,standard,1,4.8,86,1
16,34.87,23.1,0,5.3,monthly,standard,0,1.0,36,0
10,21.49,29.2,3,2.5,monthly,premium,1,2.5,6,0
3,35.42,24.4,0,10.6,monthly,standard,1,9.7,50,0
9,34.76,16.0,2,4.0,monthly,basic,0,7.8,75,0
25,54.56,25.3,2,6.5,annual,standard,1,2.2,9,0
40,32.58,28.1,0,2.1,monthly,basic,1,3.6,56,1
46,34.43,34.3,4,5.8,annual,standard,1,8.5,39,0
2,50.82,36.2,0,4.6,monthly,standard,1,6.4,31,0
17,52.92,13.1,2,9.9,monthly,standard,1,9.5,21,0
32,17.67,15.0,0,12.1,annual,premium,1,1.3,38,1
1,30.17,14.7,2,1.9,annual,standard,1,1.7,43,1
46,33.29,6.1,3,12.2,annual,premium,1,1.7,25,0
28,42.67,21.9,0,2.2,monthly,basic,1,3.9,37,0
45,33.95,21.8,3,6.3,annual,standard,0,6.8,29,0
43,33.07,24.1,1,2.9,annual,standard,1,6.7,6,0
25,44.74,21.3,2,4.7,monthly,premium,1,5.7,34,0
7,15.55,29.6,3,7.6,annual,premium,1,2.9,10,0
26,41.98,21.7,2,9.8,annual,standard,1,5.6,47,0
35,17.45,15.9,1,2.9,annual,standard,1,4.1,10,0
8,49.89,1.0,4,9.3,monthly,basic,1,8.8,72,1
52,35.92,11.5,0,14.0,annual,basic,0,1.7,2,1
56,33.08,25.3,0,4.1,annual,premium,1,9.0,82,0
44,42.08,9.7,1,8.3,monthly,basic,0,5.3,35,1
30,30.64,6.5,4,12.0,monthly,basic,1,0.6,74,1
14,39.39,14.2,3,1.7,monthly,standard,1,4.9,0,0
2,13.07,16.8,3,1.7,annual,standard,1,4.5,10,0
59,33.1,20.5,3,2.6,monthly,premium,1,7.9,44,0
20,38.2,26.4,1,12.5,monthly,premium,0,7.0,59,0
51,58.63,30.0,2,1.8,monthly,standard,1,2.9,25,0
14,36.62,10.7,1,6.3,annual,standard,1,2.8,61,0
19,28.27,12.8,2,5.5,annual,basic,0,7.9,82,1
31,53.13,29.2,3,5.1,annual,basic,1,1.5,44,0
41,40.37,6.2,2,6.0,monthly,standard,0,6.7,6,0
45,20.37,6.7,1,0.4,monthly,premium,0,2.2,50,1
42,39.47,16.5,2,1.8,monthly,standard,0,1.2,53,0
32,37.26,0.0,6,14.2,monthly,basic,1,0.9,72,1
13,29.78,16.7,1,9.6,monthly,basic,1,8.5,38,0
9,43.55,16.5,1,3.1,monthly,standard,1,10.0,85,1
33,34.43,0.0,0,6.3,monthly,standard,1,6.4,6,0
19,26.63,1.2,2,3.5,monthly,basic,1,0.5,40,1
17,43.65,20.3,0,3.6,monthly,premium,0,9.1,23,0
23,45.79,13.9,1,1.9,monthly,basic,1,7.4,42,0
22,8.0,31.7,1,1.2,monthly,standard,1,5.4,44,0
10,30.48,19.8,2,3.5,annual,basic,1,4.9,62,0
5,36.66,21.2,1,0.1,monthly,standard,1,3.3,18,0
27,39.92,15.2,1,8.0,monthly,premium,1,8.7,17,0
29,22.07,15.1,1,4.1,monthly,basic,1,1.6,14,0
26,39.03,20.6,2,6.7,annual,basic,0,7.2,46,0
42,33.02,27.3,1,6.3,annual,standard,1,0.6,4,0
44,41.1,29.0,1,6.5,monthly,standard,0,1.7,10,0
14,24.67,33.4,0,0.9,monthly,standard,1,4.8,65,0
22,30.43,7.3,2,6.2,annual,standard,1,0.9,31,0
21,28.9,14.8,2,4.3,annual,basic,1,3.4,28,0
11,17.24,28.2,0,7.2,monthly,basic,0,1.3,88,1
35,21.23,15.7,2,5.4,annual,standard,1,2.6,74,0
14,34.57,10.4,3,5.8,monthly,premium,1,6.0,20,0
33,39.04,14.7,5,7.2,annual,standard,0,8.2,71,0
20,46.99,12.5,2,8.1,monthly,standard,1,4.1,78,0
13,27.23,1.8,2,1.9,annual,standard,1,7.9,3,0
11,33.49,32.2,2,1.4,annual,standard,1,9.9,30,0
11,45.09,13.2,2,5.2,annual,premium,1,2.3,88,0
47,28.99,24.2,2,8.1,monthly,standard,1,0.2,44,0
17,57.36,4.9,2,5.6,annual,basic,1,9.3,85,1
26,27.0,23.7,1,4.3,annual,premium,1,6.5,65,0
10,31.94,32.0,3,3.9,annual,premium,1,0.3,2,0
55,22.92,16.8,1,6.1,monthly,basic,0,6.8,39,1
20,44.2,13.8,2,4.3,annual,basic,1,3.6,79,1
17,19.72,12.8,0,3.1,monthly,standard,1,8.1,57,0
37,40.2,20.8,4,0.7,monthly,standard,1,1.8,59,0
51,17.33,21.3,1,3.4,annual,standard,0,1.2,39,0
54,43.83,22.6,2,6.2,annual,standard,1,3.3,71,0
22,29.23,3.0,1,7.8,annual,standard,1,4.5,24,0
11,31.24,16.8,1,4.7,monthly,premium,1,1.2,63,1
17,55.27,25.6,1,1.9,annual,basic,1,7.4,89,0
58,36.39,23.0,0,12.2,monthly,standard,1,7.1,85,1
26,29.64,9.7,3,1.2,annual,premium,1,5.2,38,0
33,37.71,11.9,2,2.0,monthly,premium,1,2.6,4,0
22,46.49,23.2,1,3.8,annual,standard,0,4.2,76,0
26,11.73,16.5,2,23.8,monthly,standard,1,1.8,1,0
1,22.76,37.4,3,1.3,annual,standard,0,2.7,35,0
19,32.88,14.1,2,3.3,monthly,standard,1,6.6,8,0
45,26.15,21.4,0,3.4,annual,basic,1,4.8,24,0
28,36.36,27.5,1,3.4,annual,basic,0,0.5,29,0
53,28.3,28.3,2,2.1,monthly,standard,0,4.3,66,0
13,59.39,22.6,0,7.3,annual,standard,1,3.6,76,0
14,31.39,33.9,4,5.8,annual,basic,1,7.0,69,0
46,41.82,16.6,1,3.1,monthly,premium,1,9.9,22,1
23,21.45,34.4,5,3.7,monthly,standard,0,6.4,63,0
8,33.42,12.2,1,2.9,monthly,standard,0,4.4,20,1
22,21.51,19.6,2,2.6,monthly,standard,1,8.8,32,0
40,22.37,17.2,6,3.1,monthly,standard,0,8.3,2,0
48,13.41,10.9,3,0.7,annual,standard,0,9.1,55,0
60,37.54,7.2,1,9.4,monthly,standard,1,2.4,19,0
24,41.66,19.3,2,2.5,annual,premium,1,8.7,61,0
58,32.13,20.2,3,4.3,monthly,basic,1,8.3,67,0
5,37.91,22.5,5,1.6,monthly,standard,0,9.5,77,0
7,43.41,2.3,1,15.4,annual,standard,1,4.9,34,1
16,33.47,22.2,1,1.6,monthly,premium,1,8.6,42,0
4,34.31,29.7,2,4.7,annual,premium,1,2.0,84,0
60,39.12,21.1,2,7.4,monthly,basic,0,4.5,89,1
17,25.05,25.4,2,2.2,monthly,standard,1,5.1,62,0
38,8.0,21.5,0,3.8,monthly,basic,1,2.5,79,0
55,40.25,19.3,0,4.1,monthly,standard,1,5.6,43,0
31,16.73,27.1,1,1.5,annual,standard,1,4.9,27,0
4,12.35,24.2,2,2.8,monthly,basic,0,6.7,40,1
5,33.94,25.6,3,2.5,monthly,standard,0,4.9,48,1
34,48.14,0.0,2,9.0,monthly,standard,1,4.9,4,1
30,49.83,33.1,3,4.8,annual,standard,0,8.7,57,0
20,29.46,12.4,3,2.4,monthly,standard,0,0.7,11,0
58,41.72,22.4,1,7.3,monthly,basic,1,8.7,76,0
5,45.03,28.2,4,2.4,monthly,standard,1,5.8,42,0
12,33.14,18.5,2,1.6,monthly,standard,1,1.4,19,0
42,33.16,24.1,4,5.1,annual,basic,1,7.3,32,0
37,25.96,7.8,2,9.9,annual,standard,1,6.2,77,1
51,42.16,10.0,2,2.6,annual,standard,0,1.7,36,0
27,28.37,13.0,2,1.5,monthly,basic,0,3.0,10,0
9,32.21,13.3,3,2.9,monthly,basic,1,2.9,23,0
4,33.19,29.1,0,2.1,monthly,standard,1,2.6,60,0
38,34.72,31.2,1,2.6,monthly,standard,1,4.0,34,0
30,28.88,11.5,2,6.3,monthly,standard,1,2.7,30,0
25,31.93,26.9,4,4.4,monthly,basic,1,0.7,77,0
14,29.75,35.8,3,13.7,monthly,standard,1,8.1,71,0
51,23.1,8.6,1,3.1,annual,standard,0,9.8,20,0
6,54.31,26.4,1,9.8,monthly,basic,1,0.3,31,0
13,53.32,20.1,3,7.0,annual,standard,1,6.6,34,0
45,36.15,20.5,4,1.2,annual,premium,1,2.9,66,0
24,14.13,19.1,1,3.1,monthly,standard,1,1.0,74,0
14,58.47,23.7,1,5.1,monthly,standard,1,9.9,63,0
4,37.71,31.2,1,3.2,annual,standard,1,8.4,60,1
19,26.31,6.9,3,3.2,monthly,basic,1,5.5,49,0
38,32.0,9.4,0,0.6,annual,standard,0,1.6,0,0
9,50.68,32.8,3,29.7,monthly,standard,0,7.0,28,0
32,23.36,14.9,1,2.4,annual,premium,0,4.2,85,1
54,30.95,5.2,4,11.0,annual,standard,0,1.3,27,0
54,15.78,20.2,1,6.2,monthly,standard,1,1.0,47,1
39,46.01,4.7,4,1.5,annual,standard,0,1.1,72,1
51,13.22,22.9,0,2.6,monthly,basic,0,9.2,25,0
31,16.6,37.2,4,18.9,monthly,premium,1,9.3,32,0
23,14.99,29.6,3,24.4,annual,standard,0,3.0,27,0
24,27.7,20.3,2,18.9,annual,premium,1,7.4,12,0
4,50.22,20.8,2,2.1,monthly,standard,1,0.6,88,1
28,30.13,0.0,3,22.7,annual,basic,1,5.9,78,1
44,42.64,16.5,2,4.0,monthly,standard,1,3.6,71,0
29,38.09,4.0,1,4.0,monthly,basic,1,7.4,17,0
5,24.18,21.1,0,4.2,annual,standard,1,9.8,49,0
4,22.25,24.2,2,1.7,monthly,premium,1,4.3,89,0
9,41.29,20.9,0,1.4,monthly,standard,1,8.5,60,0
59,8.0,11.5,1,10.4,monthly,standard,1,6.9,24,0
24,54.55,0.0,0,2.9,annual,basic,1,3.8,85,1
35,46.15,16.0,2,2.8,monthly,basic,1,2.4,49,1
47,17.48,12.2,0,5.4,monthly,basic,1,6.5,21,0
57,18.83,14.9,1,2.1,monthly,basic,1,6.3,83,0
46,12.77,15.2,1,9.6,monthly,standard,0,3.7,9,0
51,40.07,12.0,3,3.3,monthly,basic,1,7.5,53,1
57,42.22,6.2,0,1.2,annual,standard,0,0.8,70,1
38,29.41,21.0,2,2.2,monthly,standard,1,4.6,60,0
5,54.54,16.8,3,2.8,annual,standard,0,3.0,89,0
54,38.35,17.4,4,5.0,monthly,premium,1,4.1,67,0
34,26.96,10.7,1,4.8,monthly,standard,1,7.5,48,0
41,22.64,0.0,2,1.8,annual,standard,1,2.0,40,0
2,48.07,12.9,2,5.4,annual,standard,0,1.0,4,0
25,24.09,29.4,0,4.1,annual,premium,0,4.0,84,0
17,19.52,19.0,0,4.8,monthly,basic,1,0.1,69,1
56,47.47,14.8,3,7.9,monthly,standard,1,2.0,52,1
15,37.67,18.5,1,2.2,monthly,standard,1,0.8,41,0
20,45.26,25.0,1,5.8,annual,standard,1,4.7,75,0
35,40.67,28.8,3,4.2,monthly,premium,0,6.8,68,0
28,49.58,9.1,3,2.4,annual,standard,1,4.4,65,0
15,36.42,24.9,0,13.9,monthly,standard,1,7.5,67,1
52,43.89,20.9,3,2.3,monthly,standard,0,7.1,51,0
27,32.88,9.8,0,8.0,annual,basic,0,8.6,18,0
49,43.96,27.3,3,6.4,monthly,basic,1,7.7,58,0
24,37.33,7.3,2,8.1,annual,basic,1,5.1,10,0
51,37.39,6.9,1,5.1,annual,premium,0,2.7,1,0
22,42.9,10.1,2,3.3,monthly,premium,1,9.7,2,0
18,35.35,17.6,1,3.1,monthly,premium,1,6.0,41,0
41,18.21,20.0,1,7.9,annual,standard,1,3.2,44,0
44,46.32,22.3,1,3.9,annual,basic,0,1.4,38,0
17,48.56,30.5,2,12.7,monthly,premium,1,6.8,74,0
10,43.28,14.9,2,0.4,monthly,basic,1,3.5,52,0
43,27.88,12.8,0,0.7,monthly,basic,1,6.0,13,0
5,56.02,23.5,2,10.7,monthly,standard,0,1.3,63,0
24,35.08,10.2,3,8.6,monthly,standard,1,6.2,5,0
30,26.9,17.4,1,14.2,monthly,premium,1,5.5,72,0
41,31.34,9.4,1,8.4,monthly,standard,1,5.3,45,0
2,15.36,8.9,1,1.8,monthly,basic,1,2.4,9,0
47,23.03,27.2,2,1.2,annual,standard,1,3.4,15,0
31,55.62,17.4,2,1.6,monthly,standard,1,7.4,4,0
27,16.88,13.7,1,2.4,monthly,standard,1,7.9,22,0
28,33.02,14.6,0,5.2,annual,basic,1,1.8,47,0
41,27.53,22.4,1,4.2,monthly,basic,1,1.4,70,1
33,18.18,11.4,0,1.1,monthly,standard,0,5.4,46,0
45,43.72,11.2,4,0.7,monthly,standard,0,1.7,35,0
19,42.99,16.7,1,11.0,monthly,basic,1,5.3,76,0
11,41.23,18.9,0,2.4,annual,standard,0,1.0,80,0
45,17.02,18.5,1,6.9,annual,basic,1,3.2,17,0
16,29.38,26.6,0,1.4,monthly,standard,1,4.8,52,0
34,16.6,30.9,1,3.6,monthly,basic,0,5.2,76,0
60,36.01,6.4,1,3.5,monthly,premium,0,2.0,24,0
7,36.62,22.8,2,7.4,annual,standard,0,3.4,8,0
14,45.16,37.1,4,7.5,annual,standard,1,5.3,73,0
7,40.88,14.0,3,12.5,annual,basic,1,5.5,25,0
55,48.17,7.9,1,6.0,annual,standard,0,4.0,2,0
11,33.13,8.5,1,6.7,annual,standard,1,0.2,77,0
47,32.0,1.4,2,10.5,annual,standard,1,2.8,48,1
48,41.35,27.1,2,3.1,monthly,standard,1,5.8,87,0
49,35.43,11.2,1,0.9,annual,premium,1,8.6,75,0
54,58.55,20.8,0,16.2,annual,basic,1,4.1,10,0
26,39.38,21.2,3,5.5,monthly,basic,0,5.7,6,1
32,12.4,22.8,1,9.7,monthly,basic,1,2.6,31,0
42,37.47,21.5,1,12.8,monthly,basic,0,1.9,17,0
11,50.26,40.6,2,9.6,monthly,standard,1,9.5,10,0
11,33.8,15.8,4,10.0,monthly,basic,1,9.1,17,1
32,28.48,13.9,3,3.6,monthly,basic,1,1.6,50,0
28,30.55,14.9,0,11.6,monthly,basic,0,8.1,76,1
31,24.35,18.2,2,1.2,monthly,basic,0,1.4,13,1
20,32.68,20.3,0,5.4,annual,premium,1,1.0,84,0
4,37.7,32.4,1,1.1,annual,basic,1,7.1,50,0
24,13.54,9.9,0,4.2,monthly,standard,0,6.2,68,1
9,30.32,21.5,3,3.2,annual,basic,1,7.8,5,0
29,42.07,20.9,0,5.7,monthly,standard,1,9.2,62,0
43,25.09,15.7,2,0.8,annual,standard,1,4.5,75,0
43,29.94,22.0,0,4.3,monthly,basic,1,6.8,45,0
49,32.71,18.8,1,5.4,monthly,premium,0,7.9,40,0
15,55.69,6.7,3,2.2,annual,standard,1,9.8,36,0
37,38.1,16.3,2,9.0,monthly,basic,1,3.2,60,0
41,40.23,7.7,0,7.5,monthly,premium,0,8.5,34,0
8,24.65,9.0,0,4.8,annual,premium,0,8.8,22,0
31,30.19,21.5,1,7.6,monthly,basic,1,0.4,80,1
37,37.87,24.6,1,10.1,annual,standard,0,2.5,26,0
14,22.53,25.6,1,4.0,monthly,basic,1,8.0,86,1
24,63.76,20.0,1,5.2,annual,premium,0,2.2,28,0
18,43.45,16.9,1,10.2,monthly,basic,1,3.8,72,0
37,32.23,18.5,0,0.9,monthly,basic,0,7.8,72,0
51,34.47,26.1,2,5.7,monthly,basic,0,1.0,72,1
5,18.17,0.2,2,2.2,annual,basic,0,4.2,23,1
45,29.69,20.4,3,10.8,annual,standard,1,7.5,66,0
50,53.39,18.9,3,4.4,annual,premium,1,7.1,16,0
23,30.43,24.9,2,2.3,annual,basic,1,0.8,25,0
11,50.03,11.1,6,16.7,monthly,premium,0,3.6,42,1
4,34.55,20.3,1,5.8,monthly,basic,1,8.3,62,1
10,24.06,10.2,3,0.4,monthly,basic,0,5.7,5,0
23,45.76,22.7,1,8.3,annual,standard,0,9.0,0,0
4,49.76,13.3,2,4.3,monthly,basic,1,3.0,3,0
40,33.3,29.8,1,14.9,monthly,standard,0,4.6,42,0
35,18.61,17.5,2,3.1,monthly,premium,1,7.5,79,0
39,33.28,15.6,1,11.1,monthly,standard,1,2.3,21,0
56,33.71,16.7,3,0.2,monthly,standard,1,4.2,79,0
4,23.07,1.9,4,6.4,monthly,basic,1,6.7,81,1
39,48.95,24.3,3,5.5,annual,standard,1,8.2,45,0
25,52.62,20.3,3,7.0,monthly,standard,0,6.1,83,1
3,31.64,24.5,2,8.4,monthly,standard,1,9.3,43,0
53,43.7,22.1,1,11.3,monthly,standard,0,6.5,18,0
42,60.96,15.7,4,6.6,monthly,premium,1,7.6,1,0
28,52.22,34.8,3,3.4,monthly,basic,0,0.4,80,1
26,43.66,18.0,1,3.5,annual,standard,1,5.6,29,0
4,31.34,4.9,4,9.2,monthly,basic,1,6.8,27,0
51,48.07,10.8,2,0.6,monthly,basic,1,4.6,28,0
41,18.43,7.1,3,1.0,monthly,basic,1,6.3,4,0
50,21.35,15.5,3,0.7,monthly,premium,1,9.1,4,0
17,18.83,22.7,1,1.2,monthly,basic,1,8.6,21,1
38,33.15,20.1,4,5.9,monthly,standard,0,7.3,89,1
9,19.46,6.5,2,5.0,monthly,standard,0,9.6,69,1
18,34.64,13.9,2,7.1,monthly,basic,1,4.7,89,1
20,10.92,17.6,2,1.4,monthly,basic,1,8.6,21,0
52,29.62,20.5,1,3.4,annual,basic,1,3.9,75,0
35,35.2,0.0,2,15.4,annual,standard,0,5.4,14,1
47,47.25,11.8,1,15.4,annual,basic,1,8.7,21,0
4,9.18,12.9,1,1.2,annual,premium,0,5.1,26,0
15,31.19,28.6,0,4.0,monthly,basic,1,1.6,59,1
58,33.58,17.0,5,2.1,monthly,standard,0,6.6,77,0
51,8.0,37.2,3,9.5,monthly,basic,1,3.0,47,0
24,25.4,24.6,0,28.9,monthly,basic,1,6.8,58,0
3,36.68,34.9,1,0.8,monthly,basic,1,6.6,62,0
19,45.26,15.1,0,6.7,annual,basic,0,0.4,44,0
16,13.91,14.9,3,8.3,monthly,basic,0,6.5,48,1
41,30.47,12.6,2,3.2,monthly,standard,1,2.2,36,1
54,38.13,14.1,0,0.4,monthly,basic,1,6.1,29,1
59,36.88,15.6,1,7.3,annual,basic,1,0.5,10,0
31,32.95,15.4,2,14.6,monthly,basic,0,4.8,68,1
15,32.33,28.5,1,2.8,annual,standard,1,9.6,75,0
3,20.67,16.9,2,2.3,monthly,standard,1,4.4,13,0
4,19.22,7.5,2,1.9,annual,basic,1,9.8,79,1
49,48.35,0.8,0,2.9,monthly,standard,1,5.9,45,0
6,42.3,22.7,3,4.3,monthly,premium,1,3.4,1,0
50,53.42,15.6,3,0.4,monthly,premium,1,8.1,6,0
51,17.66,20.6,0,1.4,monthly,basic,1,3.0,44,0
39,8.0,6.0,1,2.9,monthly,basic,0,9.4,76,1
25,27.82,14.5,0,6.7,monthly,basic,1,6.8,77,0
47,40.52,25.1,1,5.1,monthly,standard,0,3.5,38,0
41,48.7,11.0,2,12.1,annual,premium,1,9.7,38,1
39,19.78,18.9,1,2.6,monthly,basic,1,5.4,81,0
32,13.45,20.0,1,1.0,annual,standard,1,4.2,70,0
49,20.13,20.2,1,3.9,monthly,premium,1,9.0,16,0
36,40.24,7.9,0,8.9,monthly,basic,0,3.3,83,1
2,32.87,20.6,3,9.3,annual,standard,1,5.9,80,0
36,39.52,20.2,1,6.2,monthly,basic,1,7.5,1,0
55,39.83,26.5,1,0.9,monthly,premium,0,5.8,62,0
15,37.05,32.2,0,8.4,monthly,premium,1,3.1,61,0
41,8.0,16.1,2,7.0,monthly,basic,1,3.3,48,0
9,53.35,23.0,1,2.8,annual,standard,0,8.2,24,0
32,32.86,14.2,0,0.7,monthly,standard,0,1.7,38,0
47,33.14,30.0,0,4.7,annual,standard,1,0.6,82,0
20,60.58,27.4,0,5.8,annual,standard,0,7.3,38,0
49,24.6,0.8,2,2.9,monthly,basic,1,4.2,58,1
41,25.4,23.9,2,4.1,monthly,premium,1,5.5,6,0
37,23.31,16.1,3,24.5,monthly,basic,1,2.7,77,1
30,33.26,6.2,1,6.1,monthly,basic,0,1.8,55,1
28,31.0,22.3,1,5.5,monthly,standard,1,5.2,48,0
49,53.15,24.3,2,6.1,annual,premium,1,7.1,74,0
45,44.96,16.8,0,16.3,monthly,premium,1,7.0,6,0
13,38.8,22.7,2,11.8,monthly,premium,0,9.2,5,0
56,33.71,19.5,0,16.5,annual,standard,1,7.5,30,0
12,48.62,13.1,1,17.5,annual,standard,0,7.0,77,1
41,43.16,16.4,2,8.7,annual,basic,0,7.3,18,0
29,8.74,23.0,2,2.8,monthly,basic,0,5.2,35,0
54,48.82,3.4,5,7.0,monthly,standard,1,4.0,33,0
39,28.23,31.9,5,3.2,monthly,basic,1,7.4,65,0
43,25.28,14.0,0,7.2,annual,standard,1,7.0,37,0
42,36.78,22.0,1,0.1,monthly,basic,0,2.4,38,0
31,44.29,24.3,4,0.7,monthly,basic,1,2.6,54,0
5,16.82,33.5,2,5.0,monthly,premium,1,7.6,85,0
24,48.15,3.4,4,7.8,monthly,premium,1,9.0,52,0
3,14.01,6.7,3,7.0,monthly,standard,1,0.0,69,1
45,38.78,42.1,1,12.0,monthly,basic,1,2.9,8,0
14,31.23,12.4,1,2.1,monthly,basic,1,1.0,35,1
43,25.87,16.3,1,10.4,monthly,standard,0,9.8,71,0
45,29.04,11.7,1,4.0,monthly,basic,1,9.3,20,0
12,29.7,8.3,4,2.9,monthly,basic,0,9.4,3,0
6,23.28,25.0,3,3.0,monthly,standard,1,1.6,18,0
13,69.12,12.2,1,9.4,monthly,basic,0,7.4,6,0
53,38.38,13.3,1,8.5,monthly,standard,0,0.1,25,0
51,14.44,22.1,1,5.0,monthly,standard,1,9.8,57,0
22,49.65,24.9,0,7.9,monthly,premium,0,3.2,73,1
42,20.33,18.5,3,4.7,annual,basic,0,8.0,53,1
6,47.52,12.5,1,4.0,monthly,standard,1,8.5,4,0
10,26.79,15.8,2,13.5,monthly,basic,1,2.9,4,0
26,50.69,19.0,2,1.8,monthly,basic,1,7.6,18,1
26,50.16,22.7,2,4.0,annual,standard,1,6.3,70,0
32,33.44,19.9,1,2.5,monthly,premium,1,7.1,19,0
9,51.71,23.0,1,4.1,monthly,premium,0,0.4,56,0
29,29.94,0.2,4,1.9,monthly,premium,0,9.6,19,0
54,26.51,38.0,2,6.8,monthly,standard,1,10.0,69,0
45,36.26,26.2,2,12.9,annual,standard,1,0.7,9,0
8,23.61,29.2,2,5.3,annual,standard,1,1.8,59,0
33,35.23,26.9,1,0.6,annual,standard,1,1.9,51,0
28,32.16,0.0,2,5.5,annual,standard,1,6.4,77,1
42,31.39,21.0,2,9.9,monthly,standard,0,0.2,44,0
38,30.57,27.8,4,0.4,monthly,basic,1,6.2,16,0
24,33.22,12.2,0,14.5,monthly,standard,1,8.7,67,0
38,39.73,5.6,3,7.9,monthly,premium,1,5.9,41,0
7,46.73,16.6,1,12.5,monthly,standard,1,8.3,10,0
53,39.61,15.3,2,1.7,annual,basic,1,8.4,14,0
52,41.57,22.1,0,4.1,monthly,basic,1,8.1,71,0
34,33.09,6.4,3,1.5,monthly,standard,1,0.9,53,0
53,54.06,25.4,2,3.2,annual,premium,1,6.9,80,0
40,23.63,11.2,1,11.1,monthly,premium,0,9.8,80,1
5,41.52,16.6,2,4.4,monthly,standard,1,6.6,1,0
7,38.24,13.0,3,4.6,monthly,standard,1,1.8,53,1
36,50.92,24.3,2,7.8,monthly,basic,1,8.2,45,0
13,55.72,21.0,3,7.9,monthly,basic,0,9.3,77,1
44,45.04,26.1,1,1.5,annual,basic,1,3.1,10,0
2,32.17,14.2,3,7.1,annual,standard,1,8.8,72,0
3,31.77,10.8,1,3.2,annual,standard,0,6.0,78,0
54,33.16,23.0,1,2.5,annual,standard,1,6.4,26,0
9,39.96,27.3,2,1.0,monthly,standard,1,1.2,62,0
20,10.01,19.6,1,4.0,monthly,basic,1,7.8,3,0
43,17.79,28.5,1,1.4,monthly,basic,1,8.2,9,0
35,42.74,30.9,2,5.2,monthly,premium,1,9.6,24,0
40,40.93,14.1,0,3.3,annual,basic,1,0.1,37,0
60,32.66,22.7,0,5.5,monthly,basic,1,6.7,89,1
34,33.96,12.0,1,2.5,annual,standard,1,3.4,37,0
44,38.07,24.7,2,11.0,monthly,standard,0,4.4,55,0
48,29.11,17.2,0,10.8,monthly,standard,1,8.6,30,0
52,25.52,19.1,0,2.7,annual,standard,1,0.2,67,0
60,24.99,18.3,0,6.2,annual,premium,1,3.3,27,0
15,37.08,32.9,0,4.8,monthly,premium,1,3.6,24,0
9,37.31,22.7,2,4.9,monthly,premium,1,5.5,15,0
39,45.66,19.6,3,1.4,annual,standard,0,6.8,48,0
39,47.86,25.7,1,8.1,monthly,standard,1,3.3,28,0
23,32.54,4.3,3,3.9,annual,basic,1,8.0,89,0
36,29.78,25.2,0,3.1,monthly,standard,1,2.7,76,0
20,56.84,23.2,0,8.2,annual,standard,1,4.0,7,0
41,40.79,22.3,3,0.3,monthly,basic,1,8.3,34,0
41,35.76,31.7,3,8.8,monthly,standard,0,2.5,40,1
32,41.82,13.6,1,3.5,annual,standard,1,3.7,18,0
22,31.13,7.0,1,1.3,monthly,standard,1,8.8,29,0
44,36.53,22.8,0,3.2,annual,basic,1,6.8,27,0
5,29.33,15.1,0,2.5,annual,standard,0,2.5,32,0
46,49.89,10.1,3,7.7,monthly,standard,1,6.6,9,0
27,21.64,15.4,4,0.6,annual,basic,1,2.3,81,0
2,8.53,0.0,0,4.3,annual,basic,0,2.0,25,1
28,15.78,7.6,1,4.1,monthly,basic,0,8.0,27,0
42,28.14,22.1,1,3.5,annual,basic,1,4.2,88,0
37,36.75,10.5,2,5.3,monthly,premium,1,1.6,3,0
36,61.07,16.6,2,7.6,monthly,premium,1,3.4,2,0
15,48.32,10.5,0,8.9,monthly,standard,1,2.2,57,1
29,25.84,34.7,1,1.5,monthly,basic,1,6.5,83,0
47,36.48,6.9,2,2.7,monthly,basic,1,6.6,25,0
4,31.66,36.2,3,1.1,monthly,standard,0,1.0,10,0
52,52.68,5.0,1,8.5,monthly,standard,0,1.3,18,0
53,50.6,13.6,0,16.9,monthly,basic,1,6.0,21,0
6,40.3,6.0,2,1.1,monthly,standard,1,1.3,2,0
60,31.16,21.9,2,3.4,annual,basic,1,4.1,74,0
38,60.72,10.8,1,6.2,monthly,standard,0,6.8,76,0
8,41.79,19.7,1,2.1,monthly,basic,1,8.5,34,0
33,48.15,9.0,1,7.0,monthly,standard,1,6.2,19,0
26,21.02,23.9,0,4.2,monthly,standard,1,3.5,10,0
49,40.84,25.7,2,3.4,annual,basic,1,2.0,47,0
50,31.47,25.7,4,3.2,monthly,standard,1,3.4,47,0
36,24.92,17.2,3,0.7,monthly,standard,1,7.3,54,0
59,40.13,16.3,0,3.6,annual,basic,1,6.3,60,0
23,33.38,25.4,0,3.7,monthly,standard,1,2.3,51,0
12,39.85,27.3,2,4.9,monthly,standard,1,0.8,74,1
19,47.81,5.4,0,5.1,monthly,standard,1,8.4,41,0
55,49.99,20.9,2,0.1,monthly,premium,1,9.1,0,0
53,47.08,24.8,2,7.7,annual,premium,1,6.0,12,0
20,50.75,6.4,4,2.1,monthly,standard,1,0.4,82,1
59,29.49,10.5,0,1.6,monthly,basic,1,4.1,27,1
34,27.1,35.0,3,1.4,monthly,premium,1,0.2,30,0
2,38.09,21.0,2,15.5,annual,standard,0,2.3,17,0
28,33.32,30.7,0,3.6,monthly,basic,1,0.4,82,0
48,40.26,28.3,0,1.2,monthly,standard,1,1.9,84,0
6,37.57,10.8,2,15.6,annual,standard,0,9.0,50,1
47,33.79,22.1,2,16.0,annual,basic,1,5.2,71,0
21,37.89,17.5,1,10.1,monthly,basic,0,8.0,8,0
15,14.47,19.1,2,11.0,monthly,standard,1,0.4,76,1
57,60.02,17.1,2,7.2,monthly,basic,0,9.1,38,0
23,23.97,29.8,1,5.4,monthly,standard,1,1.3,23,0
31,9.46,13.1,0,5.7,monthly,premium,1,1.5,73,0
60,27.11,20.9,1,2.8,monthly,basic,0,3.4,33,0
32,28.98,12.9,1,8.2,monthly,basic,0,6.1,16,0
60,32.48,20.4,2,8.6,annual,premium,1,4.9,46,0
46,23.3,13.8,1,3.1,monthly,premium,1,5.8,30,0
16,42.52,18.6,1,6.6,monthly,standard,0,4.4,11,0
20,32.76,18.1,1,1.4,monthly,premium,1,3.4,83,0
22,42.97,12.7,2,5.6,monthly,premium,1,2.4,10,0
43,30.71,5.5,4,5.5,annual,standard,1,6.5,74,1
52,18.52,23.6,2,0.8,monthly,basic,1,1.8,89,1
51,21.82,26.3,1,4.5,annual,basic,1,8.1,31,0
3,42.37,22.6,1,1.3,monthly,premium,1,0.8,63,0
27,45.63,12.5,1,0.5,monthly,basic,0,7.7,5,0
45,29.66,0.0,1,7.0,monthly,premium,0,2.7,64,1
3,18.63,17.3,3,2.6,monthly,basic,0,4.6,65,1
7,36.02,32.8,3,1.0,monthly,standard,1,0.3,9,0
58,19.72,14.9,0,4.9,annual,basic,0,0.7,24,0
35,29.3,24.7,1,4.3,monthly,basic,1,0.0,84,1
10,50.49,23.7,2,9.1,annual,basic,1,8.3,39,0
50,37.33,30.7,3,13.4,monthly,premium,0,6.3,24,0
48,31.44,24.4,2,3.7,monthly,basic,1,5.9,16,0
50,48.37,12.2,1,6.3,monthly,basic,1,9.6,82,0
27,28.9,28.9,3,12.5,monthly,basic,0,2.0,29,1
11,39.03,16.5,0,5.9,monthly,standard,1,0.8,57,0
45,17.98,2.0,3,2.1,annual,premium,1,3.5,59,0
27,36.22,16.6,1,3.2,annual,basic,0,2.6,2,0
31,30.73,33.4,2,4.0,annual,standard,1,9.3,17,0
14,54.85,20.3,1,15.0,annual,basic,0,8.8,31,0
20,24.7,0.0,2,8.9,monthly,premium,1,3.2,86,1
22,34.21,12.3,0,7.0,monthly,premium,0,5.6,50,1
44,27.77,25.7,3,7.9,annual,standard,1,5.5,29,0
28,29.91,17.1,1,5.8,annual,premium,1,0.4,43,0
44,19.22,29.1,0,0.7,annual,basic,0,4.4,38,0
10,16.84,28.9,3,3.2,annual,basic,1,7.6,81,0
45,45.28,7.8,1,6.1,monthly,premium,0,3.2,22,0
41,55.2,11.4,0,5.2,annual,standard,1,0.8,27,0
36,43.69,9.9,2,9.1,monthly,standard,1,0.4,58,0
57,35.62,19.1,2,10.9,annual,basic,1,3.7,76,0
4,27.99,24.1,2,1.8,monthly,basic,0,2.7,82,0
1,16.41,9.3,1,3.8,monthly,standard,1,3.5,35,0
26,36.41,21.2,1,4.2,annual,basic,1,7.5,14,0
28,44.2,23.8,2,7.2,monthly,standard,0,9.1,52,0
60,30.66,21.7,0,4.8,monthly,basic,1,0.7,31,0
38,64.61,23.9,2,0.2,monthly,standard,1,1.0,43,0
6,20.01,0.0,8,5.1,monthly,premium,0,4.5,49,1
34,36.12,12.5,4,4.6,monthly,basic,0,7.7,56,1
51,42.63,11.3,1,12.4,monthly,standard,0,1.2,80,1
46,25.84,6.2,2,9.6,monthly,standard,1,2.6,1,0
8,18.15,33.5,2,7.2,annual,standard,0,6.2,77,0
21,54.79,6.6,1,3.3,monthly,standard,1,5.9,68,0
47,38.41,19.7,1,7.4,annual,standard,1,6.0,28,0
15,24.92,1.4,1,2.0,annual,standard,1,6.4,62,0
56,27.92,10.3,1,3.1,monthly,basic,0,9.2,26,1
47,34.82,22.1,4,6.3,annual,premium,1,4.3,37,0
40,34.85,22.1,0,6.9,annual,basic,0,8.0,21,0
34,41.08,11.5,1,0.8,monthly,standard,1,5.8,4,0
46,35.9,22.2,2,12.6,annual,basic,0,1.5,40,0
18,20.81,24.7,0,3.4,annual,basic,1,3.2,76,0
28,29.51,18.3,1,10.6,monthly,standard,1,7.2,61,0
58,20.6,22.4,1,8.0,annual,standard,1,6.7,0,0
59,34.66,16.5,2,6.6,annual,basic,1,1.0,60,0
45,37.3,10.6,2,13.1,annual,basic,1,7.2,4,0
12,22.78,20.9,1,11.6,monthly,premium,1,7.3,82,0
15,29.86,16.0,1,7.3,monthly,standard,0,6.0,70,1
9,42.91,15.0,1,10.1,monthly,basic,1,5.2,11,0
59,38.8,17.4,1,5.1,annual,basic,1,9.4,84,0
12,38.71,26.6,1,6.1,annual,standard,0,9.4,78,0
58,25.41,24.9,1,12.5,monthly,standard,1,2.1,27,0
5,11.11,17.8,4,3.7,monthly,basic,1,5.4,31,0
40,27.39,18.8,1,5.2,monthly,standard,0,4.9,88,0
59,40.49,7.7,1,3.5,annual,basic,0,6.3,18,0
4,29.73,11.4,3,11.3,monthly,standard,1,4.6,31,0
45,38.43,26.4,3,4.6,monthly,standard,1,2.3,57,1
43,51.24,20.3,1,2.6,annual,standard,1,6.8,17,0
25,49.46,16.4,0,2.3,monthly,standard,0,5.7,66,1
16,31.46,15.5,1,2.7,monthly,standard,0,6.9,68,1
13,27.34,15.2,1,0.8,monthly,standard,1,6.4,89,0
58,12.28,18.5,1,4.9,monthly,premium,1,2.0,42,0
18,29.45,3.7,3,3.1,annual,standard,0,0.7,40,1
1,42.84,10.3,2,1.8,monthly,standard,1,0.9,22,1
56,17.42,16.6,3,3.0,monthly,standard,1,3.5,4,0
40,43.46,8.9,3,2.8,annual,standard,0,7.6,37,0
1,43.96,8.8,4,6.2,annual,basic,0,2.0,32,0
43,61.92,11.6,0,15.3,annual,basic,1,5.9,85,1
9,18.57,5.2,2,2.7,monthly,basic,1,9.2,33,0
10,44.35,4.1,0,10.6,monthly,standard,1,4.5,73,0
45,30.92,31.8,2,8.6,annual,standard,1,9.9,30,0
25,24.47,25.6,0,7.3,monthly,basic,0,7.0,52,0
37,26.77,11.4,1,1.9,monthly,premium,0,5.9,9,0
17,59.13,11.6,2,4.2,monthly,standard,1,8.3,6,0
37,29.88,19.6,3,1.9,annual,standard,0,8.2,14,0
58,25.99,18.9,3,1.5,monthly,standard,1,6.0,57,0
40,21.21,11.1,2,4.0,monthly,premium,1,1.7,12,0
6,49.14,26.9,1,6.5,annual,standard,1,6.0,87,0
17,14.78,28.9,2,23.1,monthly,basic,1,7.9,79,0
4,59.89,27.2,1,28.0,monthly,premium,0,6.8,80,0
33,24.84,21.9,2,18.9,monthly,standard,1,3.1,43,1
37,17.85,8.8,3,4.1,monthly,standard,1,1.5,6,0
8,8.0,28.0,2,5.5,monthly,standard,1,7.4,80,0
4,36.65,12.2,4,3.7,monthly,basic,1,3.0,16,0
38,18.02,19.4,0,19.2,annual,standard,1,7.9,24,0
21,59.59,33.1,0,15.2,monthly,basic,1,7.9,59,0
51,34.28,32.8,1,7.2,monthly,basic,1,3.6,79,0
35,48.29,14.6,2,9.7,annual,basic,1,7.9,56,0
33,27.87,24.0,0,9.9,monthly,basic,1,1.3,19,0
13,48.14,11.2,2,3.9,monthly,premium,0,2.9,44,0
59,23.85,25.3,2,9.8,monthly,standard,1,8.0,66,0
4,30.34,28.7,1,4.7,monthly,basic,1,5.6,2,0
45,8.0,24.5,3,3.9,monthly,standard,1,9.3,87,0
60,41.75,28.2,1,11.8,monthly,premium,1,1.7,24,0
52,27.61,3.6,4,0.2,monthly,standard,0,8.4,50,0
46,19.71,23.7,1,3.1,annual,standard,1,5.0,76,0
34,31.42,10.2,1,3.9,monthly,standard,1,6.3,77,1
8,54.73,8.0,3,4.1,monthly,basic,1,6.7,32,0
52,18.59,19.7,3,8.2,annual,standard,0,0.4,62,1
1,24.87,27.3,0,5.9,monthly,basic,1,2.8,5,0
28,43.22,23.7,2,20.6,annual,standard,0,0.9,11,0
41,55.86,15.0,2,4.4,monthly,basic,1,6.9,57,0
59,19.67,24.1,2,1.4,annual,basic,1,1.1,80,0
38,46.48,22.0,2,4.4,annual,premium,1,1.8,35,0
57,42.07,23.2,0,1.0,annual,basic,1,2.2,33,0
33,28.87,16.2,1,3.3,monthly,basic,0,9.5,44,1
33,36.92,29.4,2,5.3,monthly,standard,1,5.0,36,0
22,28.68,16.3,5,5.7,annual,premium,1,3.2,75,1
30,26.01,17.5,1,7.5,monthly,standard,1,5.5,65,0
35,13.51,25.1,2,1.6,monthly,basic,1,7.7,84,0
17,54.73,26.1,3,4.7,monthly,basic,1,6.8,45,0
16,34.17,21.8,1,2.4,monthly,standard,1,2.9,14,0
23,25.13,14.3,1,9.8,annual,premium,1,6.9,2,0
56,31.23,23.4,2,3.0,monthly,basic,1,7.7,76,0
36,57.95,23.1,1,3.5,monthly,standard,0,9.4,65,0
5,38.1,22.6,1,6.6,monthly,basic,0,6.4,34,0
10,45.23,0.0,1,11.0,monthly,standard,0,0.5,27,1
50,38.65,1.5,2,0.4,annual,standard,1,6.5,9,0
28,41.24,7.7,1,1.4,monthly,basic,1,2.3,24,0
33,32.02,23.5,1,6.3,monthly,basic,0,8.8,82,1
6,18.17,23.5,2,6.4,annual,basic,0,7.5,2,0
4,31.58,28.5,0,4.8,monthly,basic,1,8.4,67,0
24,30.56,16.5,3,6.6,annual,standard,1,9.2,0,0
29,41.0,13.2,2,3.6,monthly,standard,1,5.4,14,0
44,53.1,9.3,2,10.6,annual,standard,0,9.5,64,1
32,33.02,20.0,1,2.6,monthly,basic,1,6.7,69,0
58,18.49,19.5,2,20.2,monthly,standard,1,6.9,51,0
5,20.48,17.7,1,1.5,annual,basic,0,4.0,12,0
10,36.76,10.5,0,5.0,monthly,premium,1,7.4,53,0
12,38.39,14.3,1,1.2,monthly,basic,1,7.9,85,0
19,37.34,20.8,1,6.7,monthly,standard,1,4.6,59,0
50,32.46,17.9,1,14.1,annual,standard,0,1.8,79,0
32,40.44,14.0,0,2.1,monthly,basic,0,2.1,79,0
3,46.09,20.9,5,14.9,annual,basic,1,3.2,69,1
30,39.74,1.2,1,10.4,monthly,standard,0,3.3,17,0
27,37.16,28.1,1,6.9,monthly,premium,0,9.1,43,0
37,66.52,4.8,3,14.6,annual,premium,1,3.8,20,1
23,36.65,37.6,1,4.2,monthly,basic,1,1.3,61,0
10,39.75,13.5,2,1.6,monthly,basic,1,8.2,76,0
24,17.0,4.0,0,12.0,monthly,standard,0,1.8,31,1
58,40.8,6.4,0,13.2,annual,standard,0,0.4,72,1
14,42.95,16.2,1,3.5,annual,basic,1,7.4,11,0
21,33.12,13.7,2,3.9,monthly,standard,1,8.8,37,0
22,53.6,28.8,2,2.5,annual,standard,0,0.3,76,0
36,11.85,25.5,3,3.5,monthly,standard,1,4.2,45,0
5,29.81,13.7,1,5.6,monthly,standard,1,2.6,67,0
44,17.74,24.8,2,3.2,monthly,standard,1,0.6,84,1
30,33.89,19.0,3,4.7,monthly,premium,1,9.3,23,0
2,34.74,15.6,2,4.3,annual,basic,0,3.2,76,1
23,42.1,3.6,4,5.0,monthly,standard,1,9.3,30,0
59,55.6,18.2,2,5.9,monthly,standard,0,4.8,84,0
52,35.74,21.0,2,3.3,monthly,premium,1,9.7,72,0
42,62.19,12.0,2,9.7,annual,premium,1,6.3,85,0
47,52.56,21.2,1,2.4,monthly,premium,1,7.3,75,0
21,32.63,17.9,1,2.0,annual,premium,1,0.1,60,0
7,46.74,22.6,3,1.1,annual,standard,0,4.7,55,0
6,31.44,11.9,1,8.0,monthly,basic,1,9.8,55,1
35,14.41,27.2,2,2.5,monthly,premium,1,9.3,70,0
9,28.2,6.1,1,13.1,monthly,premium,1,2.6,34,1
28,29.05,18.6,1,3.0,annual,basic,1,5.1,14,0
13,50.86,12.5,0,10.4,monthly,basic,1,3.8,80,1
59,34.72,20.6,3,6.0,annual,premium,1,5.1,25,0
7,24.79,27.9,2,7.0,monthly,basic,1,5.8,58,0
21,27.55,15.1,1,8.4,annual,premium,1,4.9,39,0
50,27.46,22.9,0,11.8,monthly,basic,1,3.4,42,1
6,28.92,17.0,3,8.4,monthly,standard,1,2.3,83,1
19,18.81,9.6,1,3.6,monthly,premium,0,0.6,66,1
45,41.72,17.1,1,4.5,annual,standard,1,2.9,48,0
42,38.01,40.3,1,7.4,monthly,basic,0,6.8,27,0
26,49.04,26.2,2,2.0,annual,basic,1,8.0,51,0
58,8.0,18.4,0,6.8,monthly,basic,1,0.4,55,1
32,42.01,15.7,0,7.7,monthly,standard,1,8.6,57,0
43,34.26,18.4,2,17.0,monthly,standard,1,2.8,78,1
52,14.2,24.8,0,4.7,annual,basic,1,4.2,75,0
21,47.33,13.5,1,9.8,monthly,standard,1,7.5,29,0
38,34.62,12.6,2,2.3,monthly,premium,1,4.1,65,0
54,41.91,21.8,1,3.8,monthly,basic,0,1.5,61,1
14,51.14,31.7,1,5.3,monthly,basic,1,8.4,47,0
